game_id,home_team,away_team,went_ot,home_goals,away_goals,game_outcome
game_1,thailand,pakistan,0,1,3,RL
game_10,switzerland,kazakhstan,0,4,3,RW
game_100,serbia,rwanda,0,4,5,RL
game_1000,brazil,netherlands,0,5,0,RW
game_1001,india,morocco,0,2,3,RL
game_1002,peru,saudi_arabia,1,0,1,OL
game_1003,china,pakistan,0,4,3,RW
game_1004,switzerland,uk,0,1,4,RL
game_1005,serbia,philippines,0,2,1,RW
game_1006,germany,canada,0,5,1,RW
game_1007,guatemala,ethiopia,0,4,2,RW
game_1008,south_korea,oman,0,4,2,RW
game_1009,mongolia,new_zealand,0,2,7,RL
game_101,canada,panama,0,2,4,RL
game_1010,netherlands,iceland,0,0,4,RL
game_1011,indonesia,uae,0,2,1,RW
game_1012,mexico,usa,0,4,3,RW
game_1013,panama,rwanda,0,5,1,RW
game_1014,kazakhstan,france,0,1,6,RL
game_1015,brazil,singapore,1,5,4,OW
game_1016,thailand,vietnam,0,3,1,RW
game_1017,thailand,switzerland,0,5,0,RW
game_1018,ethiopia,france,0,3,6,RL
game_1019,rwanda,germany,0,2,1,RW
game_102,switzerland,ethiopia,1,4,3,OW
game_1020,canada,saudi_arabia,0,5,3,RW
game_1021,philippines,kazakhstan,1,1,0,OW
game_1022,netherlands,india,0,2,3,RL
game_1023,iceland,uk,0,1,4,RL
game_1024,uae,new_zealand,0,2,5,RL
game_1025,vietnam,peru,1,2,3,OL
game_1026,serbia,china,0,1,7,RL
game_1027,mexico,guatemala,0,2,6,RL
game_1028,indonesia,mongolia,0,5,1,RW
game_1029,morocco,singapore,0,5,2,RW
game_103,uae,morocco,0,0,7,RL
game_1030,panama,pakistan,0,2,3,RL
game_1031,brazil,usa,0,2,1,RW
game_1032,ethiopia,saudi_arabia,0,2,3,RL
game_1033,serbia,oman,0,3,2,RW
game_1034,uk,usa,0,2,1,RW
game_1035,south_korea,kazakhstan,0,7,2,RW
game_1036,mongolia,morocco,1,4,5,OL
game_1037,iceland,netherlands,0,0,3,RL
game_1038,guatemala,canada,0,4,0,RW
game_1039,germany,vietnam,0,6,1,RW
game_104,france,saudi_arabia,0,4,3,RW
game_1040,singapore,thailand,0,5,6,RL
game_1041,france,pakistan,1,3,4,OL
game_1042,china,peru,1,4,5,OL
game_1043,philippines,uae,1,3,4,OL
game_1044,brazil,mexico,0,4,3,RW
game_1045,rwanda,panama,1,2,3,OL
game_1046,switzerland,india,0,1,2,RL
game_1047,thailand,brazil,0,1,2,RL
game_1048,mexico,france,0,2,3,RL
game_1049,uk,saudi_arabia,0,3,0,RW
game_105,south_korea,mexico,0,4,3,RW
game_1050,oman,indonesia,0,3,1,RW
game_1051,peru,germany,0,4,5,RL
game_1052,new_zealand,guatemala,0,1,4,RL
game_1053,rwanda,mongolia,0,1,4,RL
game_1054,serbia,ethiopia,0,1,4,RL
game_1055,uae,china,1,4,5,OL
game_1056,usa,netherlands,1,4,5,OL
game_1057,pakistan,kazakhstan,0,3,0,RW
game_1058,switzerland,canada,0,5,1,RW
game_1059,singapore,south_korea,1,5,4,OW
game_106,new_zealand,kazakhstan,0,2,1,RW
game_1060,vietnam,panama,0,5,2,RW
game_1061,morocco,philippines,0,4,2,RW
game_1062,rwanda,singapore,0,0,3,RL
game_1063,serbia,saudi_arabia,0,5,4,RW
game_1064,morocco,china,1,3,2,OW
game_1065,panama,brazil,0,0,6,RL
game_1066,thailand,ethiopia,0,1,5,RL
game_1067,south_korea,india,0,3,7,RL
game_1068,mongolia,pakistan,0,2,1,RW
game_1069,usa,canada,1,6,5,OW
game_107,iceland,netherlands,1,2,1,OW
game_1070,oman,uk,1,4,5,OL
game_1071,vietnam,mexico,0,3,4,RL
game_1072,switzerland,indonesia,1,3,4,OL
game_1073,iceland,germany,0,4,2,RW
game_1074,netherlands,kazakhstan,0,4,1,RW
game_1075,peru,new_zealand,0,6,1,RW
game_1076,uae,france,0,4,2,RW
game_1077,philippines,guatemala,0,1,2,RL
game_1078,kazakhstan,morocco,0,3,1,RW
game_1079,iceland,oman,0,2,3,RL
game_108,uk,brazil,0,1,2,RL
game_1080,netherlands,rwanda,0,4,0,RW
game_1081,india,singapore,0,0,3,RL
game_1082,china,ethiopia,1,6,5,OW
game_1083,mexico,philippines,1,2,1,OW
game_1084,pakistan,peru,0,2,0,RW
game_1085,south_korea,mongolia,0,5,1,RW
game_1086,serbia,saudi_arabia,0,3,2,RW
game_1087,switzerland,guatemala,0,6,1,RW
game_1088,panama,canada,0,11,3,RW
game_1089,new_zealand,usa,1,4,3,OW
game_109,south_korea,rwanda,0,4,5,RL
game_1090,vietnam,uk,0,1,0,RW
game_1091,france,indonesia,0,6,3,RW
game_1092,brazil,thailand,0,4,1,RW
game_1093,uae,germany,0,3,2,RW
game_1094,france,peru,1,2,3,OL
game_1095,iceland,brazil,0,0,2,RL
game_1096,india,new_zealand,0,2,0,RW
game_1097,singapore,netherlands,0,5,1,RW
game_1098,china,oman,0,7,3,RW
game_1099,saudi_arabia,canada,0,6,1,RW
game_11,panama,canada,0,5,1,RW
game_110,switzerland,morocco,0,4,5,RL
game_1100,mongolia,serbia,0,2,5,RL
game_1101,indonesia,uk,0,3,2,RW
game_1102,philippines,guatemala,0,2,1,RW
game_1103,kazakhstan,ethiopia,1,3,4,OL
game_1104,mexico,pakistan,1,5,4,OW
game_1105,usa,uae,0,6,0,RW
game_1106,panama,south_korea,1,2,3,OL
game_1107,morocco,thailand,0,4,3,RW
game_1108,vietnam,germany,1,5,4,OW
game_1109,rwanda,switzerland,0,3,4,RL
game_111,oman,china,0,2,6,RL
game_1110,thailand,saudi_arabia,0,4,3,RW
game_1111,china,germany,0,5,2,RW
game_1112,morocco,kazakhstan,0,3,1,RW
game_1113,pakistan,south_korea,0,7,5,RW
game_1114,rwanda,mongolia,1,2,3,OL
game_1115,vietnam,serbia,0,2,3,RL
game_1116,philippines,ethiopia,0,1,3,RL
game_1117,new_zealand,brazil,0,4,3,RW
game_1118,oman,switzerland,0,1,2,RL
game_1119,india,france,0,4,0,RW
game_112,ethiopia,serbia,0,1,4,RL
game_1120,usa,peru,0,4,1,RW
game_1121,panama,mexico,0,1,5,RL
game_1122,indonesia,singapore,0,3,2,RW
game_1123,uae,iceland,1,2,3,OL
game_1124,netherlands,guatemala,0,8,1,RW
game_1125,canada,uk,0,3,2,RW
game_1126,india,thailand,0,3,1,RW
game_1127,germany,morocco,0,3,4,RL
game_1128,saudi_arabia,philippines,1,2,3,OL
game_1129,ethiopia,brazil,0,3,2,RW
game_113,saudi_arabia,iceland,0,1,2,RL
game_1130,france,uae,1,2,3,OL
game_1131,indonesia,guatemala,0,3,4,RL
game_1132,oman,rwanda,0,2,1,RW
game_1133,kazakhstan,uk,0,3,2,RW
game_1134,usa,netherlands,1,2,3,OL
game_1135,pakistan,serbia,0,5,1,RW
game_1136,vietnam,panama,0,2,1,RW
game_1137,peru,south_korea,0,1,2,RL
game_1138,mongolia,mexico,0,4,0,RW
game_1139,china,iceland,0,2,4,RL
game_114,india,peru,0,2,0,RW
game_1140,canada,new_zealand,1,3,2,OW
game_1141,mexico,thailand,0,3,4,RL
game_1142,netherlands,pakistan,0,2,1,RW
game_1143,rwanda,iceland,0,4,3,RW
game_1144,ethiopia,panama,0,1,4,RL
game_1145,serbia,switzerland,0,1,5,RL
game_1146,saudi_arabia,vietnam,1,4,3,OW
game_1147,mongolia,oman,0,7,5,RW
game_1148,canada,uae,1,4,5,OL
game_1149,france,peru,0,2,8,RL
game_115,pakistan,mexico,0,1,0,RW
game_1150,uk,india,0,1,4,RL
game_1151,kazakhstan,singapore,1,3,2,OW
game_1152,morocco,germany,0,4,2,RW
game_1153,china,philippines,0,3,1,RW
game_1154,new_zealand,indonesia,0,2,3,RL
game_1155,brazil,south_korea,1,5,4,OW
game_1156,uae,new_zealand,0,1,5,RL
game_1157,oman,saudi_arabia,0,4,3,RW
game_1158,rwanda,uk,1,3,2,OW
game_1159,thailand,indonesia,1,3,2,OW
game_116,guatemala,philippines,0,4,2,RW
game_1160,pakistan,south_korea,1,3,2,OW
game_1161,mongolia,germany,1,3,2,OW
game_1162,serbia,singapore,0,8,2,RW
game_1163,mexico,morocco,0,4,2,RW
game_1164,india,switzerland,0,5,0,RW
game_1165,ethiopia,guatemala,0,4,6,RL
game_1166,netherlands,kazakhstan,1,4,3,OW
game_1167,china,panama,0,2,1,RW
game_1168,iceland,france,0,4,0,RW
game_1169,philippines,usa,0,0,6,RL
game_117,panama,mongolia,0,4,2,RW
game_1170,brazil,vietnam,0,7,0,RW
game_1171,canada,peru,0,5,3,RW
game_1172,panama,guatemala,1,3,2,OW
game_1173,uae,south_korea,1,3,4,OL
game_1174,peru,morocco,1,3,4,OL
game_1175,switzerland,thailand,0,1,4,RL
game_1176,mongolia,saudi_arabia,0,2,1,RW
game_1177,ethiopia,usa,0,5,3,RW
game_1178,pakistan,rwanda,0,2,3,RL
game_1179,china,iceland,0,0,1,RL
game_118,uk,canada,1,3,4,OL
game_1180,indonesia,serbia,0,3,2,RW
game_1181,south_korea,canada,0,6,3,RW
game_1182,germany,mexico,0,2,4,RL
game_1183,kazakhstan,oman,0,3,4,RL
game_1184,panama,uae,0,4,3,RW
game_1185,france,netherlands,0,1,2,RL
game_1186,singapore,guatemala,1,2,3,OL
game_1187,uk,new_zealand,0,2,4,RL
game_1188,brazil,india,0,7,2,RW
game_1189,vietnam,philippines,0,3,2,RW
game_119,kazakhstan,new_zealand,0,6,9,RL
game_1190,vietnam,india,0,2,3,RL
game_1191,brazil,morocco,0,5,2,RW
game_1192,china,usa,0,5,1,RW
game_1193,iceland,guatemala,0,7,4,RW
game_1194,serbia,new_zealand,0,1,4,RL
game_1195,south_korea,pakistan,0,5,4,RW
game_1196,saudi_arabia,mongolia,0,2,0,RW
game_1197,mexico,germany,1,2,3,OL
game_1198,rwanda,netherlands,0,5,1,RW
game_1199,uk,singapore,1,5,6,OL
game_12,philippines,south_korea,0,2,1,RW
game_120,indonesia,netherlands,0,3,2,RW
game_1200,panama,thailand,1,2,1,OW
game_1201,indonesia,switzerland,0,2,4,RL
game_1202,canada,france,0,2,1,RW
game_1203,philippines,oman,0,2,4,RL
game_1204,peru,kazakhstan,0,1,2,RL
game_1205,uae,ethiopia,1,5,4,OW
game_1206,canada,thailand,0,3,1,RW
game_1207,germany,pakistan,0,5,6,RL
game_1208,china,saudi_arabia,1,0,1,OL
game_1209,morocco,switzerland,0,7,1,RW
game_121,vietnam,germany,0,0,5,RL
game_1210,south_korea,new_zealand,0,1,2,RL
game_1211,peru,rwanda,0,4,0,RW
game_1212,singapore,philippines,1,5,6,OL
game_1213,france,kazakhstan,0,1,4,RL
game_1214,ethiopia,india,0,3,2,RW
game_1215,guatemala,iceland,1,0,1,OL
game_1216,oman,serbia,0,2,4,RL
game_1217,uk,usa,1,2,3,OL
game_1218,brazil,indonesia,0,4,5,RL
game_1219,mongolia,netherlands,0,4,0,RW
game_122,thailand,usa,0,5,4,RW
game_1220,vietnam,uae,1,3,2,OW
game_1221,mexico,panama,0,4,1,RW
game_1222,morocco,usa,0,6,2,RW
game_1223,rwanda,china,0,2,7,RL
game_1224,thailand,ethiopia,0,3,1,RW
game_1225,peru,oman,1,6,5,OW
game_1226,pakistan,mongolia,0,3,0,RW
game_1227,new_zealand,indonesia,0,4,1,RW
game_1228,switzerland,singapore,0,0,1,RL
game_1229,guatemala,serbia,1,2,3,OL
game_123,uae,brazil,1,3,2,OW
game_1230,mexico,canada,0,4,1,RW
game_1231,india,kazakhstan,1,2,3,OL
game_1232,vietnam,iceland,1,5,6,OL
game_1233,panama,germany,0,7,1,RW
game_1234,uk,france,0,4,2,RW
game_1235,netherlands,philippines,0,6,1,RW
game_1236,south_korea,brazil,0,2,4,RL
game_1237,serbia,netherlands,0,5,2,RW
game_1238,indonesia,thailand,0,1,2,RL
game_1239,canada,ethiopia,1,4,3,OW
game_124,singapore,france,0,4,3,RW
game_1240,saudi_arabia,mexico,0,4,3,RW
game_1241,oman,germany,0,0,2,RL
game_1242,mongolia,uae,1,1,2,OL
game_1243,brazil,peru,1,2,3,OL
game_1244,vietnam,rwanda,0,5,4,RW
game_1245,panama,philippines,1,1,2,OL
game_1246,singapore,uk,0,1,3,RL
game_1247,pakistan,china,0,1,4,RL
game_1248,switzerland,usa,0,5,1,RW
game_1249,kazakhstan,iceland,1,2,1,OW
game_125,usa,thailand,0,3,6,RL
game_1250,morocco,south_korea,0,8,4,RW
game_1251,france,india,0,5,3,RW
game_1252,pakistan,morocco,0,7,4,RW
game_1253,thailand,vietnam,0,9,3,RW
game_1254,philippines,iceland,0,3,2,RW
game_1255,south_korea,mongolia,0,4,2,RW
game_1256,saudi_arabia,brazil,0,2,3,RL
game_1257,usa,france,0,3,5,RL
game_1258,rwanda,ethiopia,0,2,5,RL
game_1259,indonesia,china,0,4,2,RW
game_126,germany,south_korea,0,3,7,RL
game_1260,kazakhstan,canada,0,6,5,RW
game_1261,germany,oman,0,3,2,RW
game_1262,mexico,new_zealand,0,2,3,RL
game_1263,panama,guatemala,1,2,3,OL
game_1264,singapore,netherlands,0,1,10,RL
game_1265,serbia,uk,0,2,7,RL
game_1266,uae,india,0,4,2,RW
game_1267,switzerland,peru,1,3,2,OW
game_1268,singapore,usa,0,2,0,RW
game_1269,canada,thailand,0,3,2,RW
game_127,morocco,indonesia,0,1,4,RL
game_1270,morocco,peru,0,4,2,RW
game_1271,uae,rwanda,1,4,3,OW
game_1272,mexico,india,0,1,2,RL
game_1273,indonesia,ethiopia,0,3,6,RL
game_1274,south_korea,guatemala,0,3,7,RL
game_1275,germany,mongolia,0,7,5,RW
game_1276,china,france,1,7,6,OW
game_1277,uk,iceland,0,1,2,RL
game_1278,oman,panama,0,7,2,RW
game_1279,pakistan,saudi_arabia,0,3,1,RW
game_128,peru,serbia,1,5,6,OL
game_1280,new_zealand,netherlands,0,2,0,RW
game_1281,brazil,philippines,0,1,4,RL
game_1282,serbia,kazakhstan,0,5,1,RW
game_1283,vietnam,switzerland,0,2,1,RW
game_1284,india,saudi_arabia,0,4,2,RW
game_1285,oman,uae,0,5,4,RW
game_1286,panama,kazakhstan,1,2,3,OL
game_1287,pakistan,guatemala,0,4,2,RW
game_1288,philippines,serbia,0,3,2,RW
game_1289,france,usa,0,3,0,RW
game_129,mexico,pakistan,0,1,2,RL
game_1290,brazil,canada,0,7,4,RW
game_1291,iceland,switzerland,0,7,1,RW
game_1292,uk,rwanda,1,4,3,OW
game_1293,netherlands,indonesia,0,2,1,RW
game_1294,mexico,south_korea,0,4,0,RW
game_1295,new_zealand,morocco,0,5,2,RW
game_1296,peru,singapore,0,7,3,RW
game_1297,philippines,thailand,0,4,5,RL
game_1298,mongolia,guatemala,1,1,2,OL
game_1299,pakistan,mexico,0,6,0,RW
game_13,mexico,brazil,0,1,6,RL
game_130,brazil,new_zealand,0,3,2,RW
game_1300,ethiopia,oman,0,7,3,RW
game_1301,new_zealand,peru,0,2,1,RW
game_1302,panama,china,0,1,4,RL
game_1303,serbia,usa,0,7,2,RW
game_1304,canada,morocco,0,4,0,RW
game_1305,iceland,kazakhstan,0,2,1,RW
game_1306,indonesia,germany,0,4,2,RW
game_1307,vietnam,saudi_arabia,0,5,2,RW
game_1308,switzerland,france,0,2,0,RW
game_1309,netherlands,south_korea,0,5,4,RW
game_131,philippines,rwanda,0,4,0,RW
game_1310,uk,uae,0,1,3,RL
game_1311,brazil,rwanda,0,3,0,RW
game_1312,india,singapore,1,3,4,OL
game_132,saudi_arabia,uk,0,5,4,RW
game_133,vietnam,china,0,3,5,RL
game_134,france,switzerland,1,4,3,OW
game_135,kazakhstan,india,0,1,2,RL
game_136,mongolia,ethiopia,0,2,6,RL
game_137,oman,netherlands,0,1,3,RL
game_138,panama,canada,0,4,5,RL
game_139,guatemala,singapore,0,2,3,RL
game_14,oman,india,0,1,4,RL
game_140,iceland,uae,1,2,3,OL
game_141,new_zealand,thailand,1,1,2,OL
game_142,philippines,rwanda,0,4,1,RW
game_143,china,mexico,0,3,4,RL
game_144,indonesia,saudi_arabia,0,2,3,RL
game_145,ethiopia,brazil,0,1,3,RL
game_146,kazakhstan,singapore,0,1,3,RL
game_147,india,south_korea,0,3,6,RL
game_148,morocco,vietnam,0,5,3,RW
game_149,guatemala,usa,0,6,2,RW
game_15,uk,vietnam,1,4,5,OL
game_150,peru,pakistan,0,2,3,RL
game_151,panama,france,0,5,0,RW
game_152,oman,canada,0,2,3,RL
game_153,uk,iceland,0,2,0,RW
game_154,germany,uae,0,2,6,RL
game_155,mongolia,serbia,0,1,2,RL
game_156,switzerland,netherlands,0,0,2,RL
game_157,china,india,0,4,1,RW
game_158,saudi_arabia,morocco,0,4,0,RW
game_159,mexico,rwanda,1,4,3,OW
game_16,thailand,france,0,5,4,RW
game_160,uae,serbia,0,2,1,RW
game_161,panama,pakistan,0,3,4,RL
game_162,canada,ethiopia,0,2,4,RL
game_163,guatemala,philippines,0,3,2,RW
game_164,germany,usa,0,3,7,RL
game_165,brazil,oman,0,2,1,RW
game_166,south_korea,indonesia,0,3,7,RL
game_167,france,uk,0,5,3,RW
game_168,thailand,iceland,0,5,1,RW
game_169,new_zealand,switzerland,0,3,2,RW
game_17,philippines,peru,0,1,0,RW
game_170,kazakhstan,vietnam,1,2,1,OW
game_171,singapore,mongolia,1,3,4,OL
game_172,peru,netherlands,1,1,2,OL
game_173,serbia,south_korea,0,4,1,RW
game_174,kazakhstan,saudi_arabia,0,2,1,RW
game_175,thailand,morocco,0,6,1,RW
game_176,rwanda,peru,0,2,4,RL
game_177,pakistan,iceland,0,0,5,RL
game_178,panama,uk,1,4,5,OL
game_179,new_zealand,switzerland,0,6,3,RW
game_18,india,vietnam,0,4,3,RW
game_180,canada,china,0,1,4,RL
game_181,vietnam,indonesia,0,3,5,RL
game_182,philippines,germany,1,2,3,OL
game_183,brazil,ethiopia,0,6,3,RW
game_184,usa,india,0,4,3,RW
game_185,oman,mongolia,0,2,3,RL
game_186,uae,guatemala,1,3,2,OW
game_187,netherlands,mexico,1,3,2,OW
game_188,singapore,france,0,2,1,RW
game_189,germany,thailand,0,3,4,RL
game_19,saudi_arabia,canada,1,3,2,OW
game_190,canada,oman,0,3,4,RL
game_191,saudi_arabia,pakistan,0,1,4,RL
game_192,kazakhstan,serbia,0,4,2,RW
game_193,rwanda,ethiopia,0,3,4,RL
game_194,mongolia,singapore,0,7,3,RW
game_195,peru,indonesia,0,2,3,RL
game_196,morocco,china,0,1,0,RW
game_197,panama,guatemala,0,5,6,RL
game_198,india,usa,0,2,0,RW
game_199,south_korea,philippines,1,4,3,OW
game_2,france,morocco,1,3,2,OW
game_20,germany,iceland,0,5,4,RW
game_200,mexico,iceland,0,4,2,RW
game_201,switzerland,new_zealand,1,4,3,OW
game_202,netherlands,vietnam,1,2,3,OL
game_203,switzerland,iceland,0,0,1,RL
game_204,philippines,netherlands,0,3,2,RW
game_205,china,uae,0,2,0,RW
game_206,thailand,brazil,0,3,6,RL
game_207,usa,india,0,4,3,RW
game_208,serbia,guatemala,0,1,6,RL
game_209,india,usa,1,5,4,OW
game_21,serbia,pakistan,0,5,1,RW
game_210,germany,china,0,2,3,RL
game_211,peru,mexico,0,1,2,RL
game_212,pakistan,uae,0,4,0,RW
game_213,guatemala,netherlands,0,4,0,RW
game_214,france,thailand,0,2,1,RW
game_215,saudi_arabia,rwanda,0,4,2,RW
game_216,ethiopia,uk,0,1,6,RL
game_217,kazakhstan,south_korea,0,5,0,RW
game_218,oman,morocco,1,6,5,OW
game_219,philippines,indonesia,1,4,3,OW
game_22,ethiopia,mongolia,0,2,1,RW
game_220,singapore,new_zealand,0,6,1,RW
game_221,serbia,panama,0,4,5,RL
game_222,canada,iceland,0,3,7,RL
game_223,switzerland,vietnam,0,1,0,RW
game_224,mongolia,brazil,0,3,4,RL
game_225,rwanda,saudi_arabia,0,6,0,RW
game_226,germany,thailand,0,3,4,RL
game_227,france,china,1,1,2,OL
game_228,ethiopia,pakistan,1,2,3,OL
game_229,indonesia,brazil,0,3,4,RL
game_23,uae,usa,0,4,3,RW
game_230,peru,uae,0,0,1,RL
game_231,mexico,serbia,1,2,1,OW
game_232,new_zealand,india,0,0,2,RL
game_233,canada,mongolia,1,2,1,OW
game_234,netherlands,usa,0,7,3,RW
game_235,singapore,kazakhstan,0,5,2,RW
game_236,guatemala,vietnam,0,2,3,RL
game_237,iceland,south_korea,0,8,2,RW
game_238,philippines,panama,1,5,6,OL
game_239,morocco,oman,0,4,0,RW
game_24,oman,new_zealand,0,2,1,RW
game_240,switzerland,uk,0,2,0,RW
game_241,india,france,0,4,2,RW
game_242,china,philippines,0,4,0,RW
game_243,new_zealand,peru,0,0,4,RL
game_244,saudi_arabia,vietnam,1,0,1,OL
game_245,morocco,netherlands,1,5,4,OW
game_246,rwanda,south_korea,0,2,3,RL
game_247,iceland,ethiopia,0,0,3,RL
game_248,uk,switzerland,0,5,1,RW
game_249,pakistan,mongolia,0,5,0,RW
game_25,brazil,uk,0,1,0,RW
game_250,thailand,serbia,0,3,1,RW
game_251,panama,usa,0,6,1,RW
game_252,brazil,guatemala,0,3,2,RW
game_253,mexico,indonesia,0,1,3,RL
game_254,uae,singapore,0,1,4,RL
game_255,oman,kazakhstan,1,4,3,OW
game_256,canada,germany,1,2,3,OL
game_257,rwanda,morocco,0,5,3,RW
game_258,peru,vietnam,0,4,0,RW
game_259,thailand,mongolia,0,1,2,RL
game_26,guatemala,rwanda,0,3,1,RW
game_260,iceland,usa,1,2,3,OL
game_261,saudi_arabia,ethiopia,0,3,2,RW
game_262,indonesia,china,1,2,3,OL
game_263,uk,mexico,0,5,2,RW
game_264,kazakhstan,india,0,2,3,RL
game_265,france,south_korea,1,4,3,OW
game_266,guatemala,oman,1,4,3,OW
game_267,pakistan,germany,0,3,1,RW
game_268,panama,new_zealand,1,2,1,OW
game_269,canada,philippines,0,0,1,RL
game_27,kazakhstan,morocco,1,6,5,OW
game_270,brazil,serbia,0,3,1,RW
game_271,singapore,switzerland,0,8,2,RW
game_272,uae,netherlands,1,2,1,OW
game_273,thailand,new_zealand,0,5,3,RW
game_274,morocco,kazakhstan,0,4,3,RW
game_275,rwanda,ethiopia,0,2,5,RL
game_276,uae,saudi_arabia,1,1,2,OL
game_277,pakistan,france,0,2,3,RL
game_278,switzerland,singapore,1,3,2,OW
game_279,peru,iceland,0,6,3,RW
game_28,switzerland,indonesia,1,3,4,OL
game_280,oman,south_korea,1,5,4,OW
game_281,china,mongolia,0,0,1,RL
game_282,guatemala,brazil,1,3,2,OW
game_283,philippines,vietnam,0,0,4,RL
game_284,mexico,serbia,0,1,5,RL
game_285,canada,usa,1,5,4,OW
game_286,netherlands,indonesia,0,1,0,RW
game_287,panama,india,0,3,2,RW
game_288,uk,germany,0,7,2,RW
game_289,rwanda,brazil,1,5,6,OL
game_29,netherlands,singapore,0,4,2,RW
game_290,saudi_arabia,mexico,0,2,3,RL
game_291,philippines,guatemala,0,1,0,RW
game_292,china,indonesia,0,1,3,RL
game_293,france,india,0,0,3,RL
game_294,south_korea,serbia,0,1,4,RL
game_295,ethiopia,mongolia,0,5,1,RW
game_296,panama,oman,1,4,3,OW
game_297,singapore,morocco,1,5,4,OW
game_298,peru,uk,1,3,2,OW
game_299,canada,netherlands,0,1,5,RL
game_3,peru,iceland,1,4,3,OW
game_30,mexico,south_korea,0,3,2,RW
game_300,new_zealand,usa,0,5,0,RW
game_301,iceland,switzerland,1,2,1,OW
game_302,thailand,germany,0,2,4,RL
game_303,vietnam,pakistan,1,4,3,OW
game_304,uae,kazakhstan,0,0,1,RL
game_305,kazakhstan,uae,0,3,6,RL
game_306,vietnam,oman,0,4,3,RW
game_307,panama,singapore,0,8,3,RW
game_308,canada,indonesia,0,0,1,RL
game_309,saudi_arabia,new_zealand,0,5,1,RW
game_31,uk,thailand,0,4,1,RW
game_310,switzerland,south_korea,0,2,3,RL
game_311,netherlands,france,0,0,2,RL
game_312,ethiopia,guatemala,0,3,2,RW
game_313,germany,brazil,0,2,6,RL
game_314,uk,peru,1,2,3,OL
game_315,india,mexico,1,2,1,OW
game_316,thailand,serbia,0,5,4,RW
game_317,saudi_arabia,indonesia,1,2,1,OW
game_318,india,uk,0,6,3,RW
game_319,rwanda,france,0,3,0,RW
game_32,pakistan,new_zealand,0,6,3,RW
game_320,germany,south_korea,0,5,4,RW
game_321,kazakhstan,china,0,1,2,RL
game_322,ethiopia,iceland,1,3,2,OW
game_323,oman,pakistan,0,3,5,RL
game_324,netherlands,new_zealand,0,2,3,RL
game_325,philippines,panama,0,1,2,RL
game_326,usa,vietnam,1,2,3,OL
game_327,brazil,mexico,0,1,4,RL
game_328,morocco,guatemala,1,3,4,OL
game_329,canada,mongolia,0,4,0,RW
game_33,oman,ethiopia,0,2,1,RW
game_330,uae,singapore,0,0,3,RL
game_331,saudi_arabia,france,0,3,1,RW
game_332,usa,serbia,0,6,4,RW
game_333,mongolia,vietnam,0,2,3,RL
game_334,india,peru,0,1,5,RL
game_335,south_korea,rwanda,0,6,1,RW
game_336,ethiopia,mexico,1,5,4,OW
game_337,uae,panama,1,2,3,OL
game_338,indonesia,philippines,0,1,6,RL
game_339,brazil,switzerland,1,3,2,OW
game_34,iceland,saudi_arabia,0,3,4,RL
game_340,guatemala,china,0,6,0,RW
game_341,oman,netherlands,0,0,2,RL
game_342,morocco,iceland,0,3,4,RL
game_343,pakistan,thailand,1,4,3,OW
game_344,new_zealand,singapore,1,3,2,OW
game_345,germany,uk,0,4,1,RW
game_346,guatemala,saudi_arabia,0,0,2,RL
game_347,serbia,vietnam,1,4,3,OW
game_348,thailand,philippines,0,5,0,RW
game_349,rwanda,india,0,2,3,RL
game_35,france,morocco,1,4,5,OL
game_350,morocco,pakistan,1,7,6,OW
game_351,south_korea,panama,0,3,5,RL
game_352,new_zealand,iceland,0,0,2,RL
game_353,germany,mongolia,0,5,4,RW
game_354,netherlands,ethiopia,0,4,1,RW
game_355,singapore,oman,0,6,4,RW
game_356,uk,china,0,2,3,RL
game_357,canada,switzerland,0,1,5,RL
game_358,france,indonesia,0,5,4,RW
game_359,peru,kazakhstan,0,5,4,RW
game_36,indonesia,peru,0,2,3,RL
game_360,mexico,usa,0,1,2,RL
game_361,brazil,uae,0,8,2,RW
game_362,saudi_arabia,guatemala,0,2,3,RL
game_363,rwanda,thailand,0,3,4,RL
game_364,new_zealand,morocco,0,2,1,RW
game_365,serbia,mexico,1,4,5,OL
game_366,pakistan,indonesia,0,2,1,RW
game_367,china,vietnam,0,0,4,RL
game_368,switzerland,philippines,1,1,0,OW
game_369,mongolia,panama,0,2,3,RL
game_37,south_korea,serbia,0,6,5,RW
game_370,canada,ethiopia,0,6,3,RW
game_371,kazakhstan,uk,1,4,3,OW
game_372,india,netherlands,1,3,4,OL
game_373,peru,oman,0,4,3,RW
game_374,brazil,france,0,3,2,RW
game_375,south_korea,uae,1,3,2,OW
game_376,iceland,singapore,0,4,1,RW
game_377,usa,germany,0,4,3,RW
game_378,serbia,rwanda,0,2,1,RW
game_379,oman,iceland,0,2,4,RL
game_38,rwanda,panama,0,2,4,RL
game_380,ethiopia,south_korea,0,6,5,RW
game_381,panama,morocco,1,3,2,OW
game_382,singapore,saudi_arabia,1,3,2,OW
game_383,india,usa,0,2,1,RW
game_384,germany,guatemala,0,9,4,RW
game_385,mexico,pakistan,1,7,6,OW
game_386,netherlands,mongolia,0,5,1,RW
game_387,thailand,china,0,1,3,RL
game_388,uk,peru,0,2,1,RW
game_389,philippines,switzerland,0,5,0,RW
game_39,kazakhstan,usa,0,7,5,RW
game_390,france,new_zealand,0,6,4,RW
game_391,uae,vietnam,0,4,3,RW
game_392,brazil,kazakhstan,0,3,1,RW
game_393,indonesia,canada,0,1,2,RL
game_394,thailand,oman,0,5,3,RW
game_395,uae,morocco,0,4,1,RW
game_396,china,peru,0,1,3,RL
game_397,iceland,new_zealand,0,2,0,RW
game_398,usa,pakistan,0,2,3,RL
game_399,ethiopia,saudi_arabia,0,6,1,RW
game_4,mongolia,saudi_arabia,0,0,1,RL
game_40,singapore,mexico,1,3,4,OL
game_400,mongolia,south_korea,0,2,6,RL
game_401,indonesia,france,0,2,1,RW
game_402,mexico,germany,0,2,3,RL
game_403,canada,guatemala,0,4,1,RW
game_404,singapore,rwanda,1,5,6,OL
game_405,vietnam,netherlands,0,1,4,RL
game_406,india,serbia,0,2,1,RW
game_407,uk,philippines,1,3,2,OW
game_408,kazakhstan,switzerland,0,3,1,RW
game_409,brazil,panama,0,4,3,RW
game_41,netherlands,china,0,6,1,RW
game_410,new_zealand,saudi_arabia,0,1,3,RL
game_411,singapore,china,1,2,3,OL
game_412,brazil,rwanda,0,4,1,RW
game_413,canada,serbia,0,5,4,RW
game_414,kazakhstan,panama,0,1,2,RL
game_415,ethiopia,pakistan,1,5,6,OL
game_416,thailand,guatemala,1,3,4,OL
game_417,morocco,oman,0,4,5,RL
game_418,india,uae,0,5,4,RW
game_419,peru,switzerland,0,0,1,RL
game_42,vietnam,brazil,0,1,7,RL
game_420,indonesia,iceland,0,0,4,RL
game_421,usa,mongolia,1,3,2,OW
game_422,philippines,uk,0,2,1,RW
game_423,mexico,vietnam,1,1,2,OL
game_424,south_korea,france,0,4,1,RW
game_425,germany,netherlands,0,2,4,RL
game_426,vietnam,thailand,0,5,6,RL
game_427,serbia,france,0,4,5,RL
game_428,ethiopia,philippines,1,2,1,OW
game_429,brazil,saudi_arabia,0,3,0,RW
game_43,uae,canada,1,2,1,OW
game_430,peru,iceland,0,3,2,RW
game_431,uae,oman,0,2,3,RL
game_432,pakistan,india,0,0,1,RL
game_433,germany,new_zealand,0,3,0,RW
game_434,rwanda,mexico,1,4,3,OW
game_435,indonesia,usa,0,3,5,RL
game_436,morocco,singapore,0,2,4,RL
game_437,guatemala,canada,0,1,2,RL
game_438,uk,kazakhstan,0,3,2,RW
game_439,switzerland,mongolia,0,3,1,RW
game_44,philippines,mongolia,0,3,2,RW
game_440,netherlands,china,0,1,0,RW
game_441,serbia,morocco,1,5,6,OL
game_442,mongolia,china,1,0,1,OL
game_443,south_korea,iceland,0,2,3,RL
game_444,indonesia,india,0,1,3,RL
game_445,saudi_arabia,uae,0,4,2,RW
game_446,france,rwanda,0,4,1,RW
game_447,philippines,new_zealand,0,4,0,RW
game_448,pakistan,uk,0,2,5,RL
game_449,ethiopia,singapore,0,2,3,RL
game_45,guatemala,switzerland,1,2,1,OW
game_450,brazil,panama,0,3,1,RW
game_451,guatemala,kazakhstan,0,0,3,RL
game_452,canada,vietnam,0,2,0,RW
game_453,mexico,thailand,0,3,6,RL
game_454,usa,switzerland,0,0,4,RL
game_455,germany,peru,0,2,5,RL
game_456,netherlands,oman,1,5,4,OW
game_457,singapore,uae,0,3,4,RL
game_458,new_zealand,oman,0,2,1,RW
game_459,usa,switzerland,0,0,4,RL
game_46,panama,rwanda,0,1,2,RL
game_460,philippines,vietnam,1,2,1,OW
game_461,kazakhstan,china,0,2,1,RW
game_462,canada,brazil,1,2,1,OW
game_463,guatemala,peru,0,1,4,RL
game_464,france,mexico,1,5,6,OL
game_465,indonesia,rwanda,0,4,2,RW
game_466,india,morocco,0,4,1,RW
game_467,uk,mongolia,0,4,1,RW
game_468,kazakhstan,rwanda,0,0,2,RL
game_469,thailand,saudi_arabia,1,5,4,OW
game_47,morocco,ethiopia,0,5,4,RW
game_470,brazil,pakistan,0,1,2,RL
game_471,mexico,china,1,2,1,OW
game_472,guatemala,morocco,0,4,1,RW
game_473,switzerland,serbia,0,3,4,RL
game_474,usa,oman,0,3,8,RL
game_475,ethiopia,south_korea,0,2,3,RL
game_476,canada,panama,0,2,4,RL
game_477,indonesia,uk,0,4,3,RW
game_478,singapore,iceland,0,5,3,RW
game_479,germany,india,0,6,2,RW
game_48,saudi_arabia,oman,0,5,1,RW
game_480,france,new_zealand,0,3,1,RW
game_481,peru,philippines,0,1,0,RW
game_482,uae,netherlands,0,2,1,RW
game_483,mongolia,vietnam,0,2,5,RL
game_484,saudi_arabia,south_korea,0,0,4,RL
game_485,philippines,canada,0,4,1,RW
game_486,kazakhstan,mexico,0,6,2,RW
game_487,vietnam,usa,1,4,3,OW
game_488,netherlands,serbia,1,5,4,OW
game_489,oman,indonesia,1,3,4,OL
game_49,iceland,france,0,5,3,RW
game_490,uae,india,0,2,3,RL
game_491,china,uk,0,2,1,RW
game_492,singapore,morocco,0,3,0,RW
game_493,brazil,mongolia,1,3,4,OL
game_494,iceland,new_zealand,0,3,1,RW
game_495,thailand,panama,0,2,3,RL
game_496,guatemala,pakistan,0,5,3,RW
game_497,switzerland,germany,0,1,0,RW
game_498,ethiopia,peru,1,3,4,OL
game_499,thailand,rwanda,0,3,4,RL
game_5,usa,guatemala,0,4,1,RW
game_50,china,netherlands,0,2,4,RL
game_500,usa,new_zealand,0,1,3,RL
game_501,china,canada,1,3,2,OW
game_502,peru,ethiopia,1,2,1,OW
game_503,saudi_arabia,kazakhstan,0,0,4,RL
game_504,indonesia,uk,0,1,2,RL
game_505,mexico,netherlands,1,0,1,OL
game_506,france,iceland,1,5,4,OW
game_507,germany,singapore,0,1,4,RL
game_508,south_korea,vietnam,0,5,6,RL
game_509,morocco,india,0,1,2,RL
game_51,india,switzerland,1,3,2,OW
game_510,switzerland,panama,0,4,0,RW
game_511,uae,pakistan,0,2,1,RW
game_512,serbia,mongolia,0,8,2,RW
game_513,oman,brazil,0,1,4,RL
game_514,saudi_arabia,switzerland,0,3,5,RL
game_515,serbia,thailand,1,4,5,OL
game_516,guatemala,germany,1,4,3,OW
game_517,vietnam,morocco,0,4,2,RW
game_518,new_zealand,france,1,3,2,OW
game_519,rwanda,brazil,1,4,3,OW
game_52,new_zealand,pakistan,0,2,1,RW
game_520,uae,oman,1,2,3,OL
game_521,pakistan,philippines,0,1,2,RL
game_522,usa,indonesia,0,2,0,RW
game_523,china,south_korea,0,3,0,RW
game_524,india,mongolia,0,0,3,RL
game_525,ethiopia,mexico,0,4,1,RW
game_526,panama,peru,0,2,0,RW
game_527,iceland,canada,0,2,3,RL
game_528,singapore,kazakhstan,0,6,1,RW
game_529,netherlands,uk,0,1,5,RL
game_53,south_korea,uk,1,3,4,OL
game_530,serbia,brazil,0,4,5,RL
game_531,rwanda,philippines,0,1,6,RL
game_532,saudi_arabia,germany,0,1,3,RL
game_533,china,new_zealand,0,4,1,RW
game_534,india,ethiopia,1,2,1,OW
game_535,pakistan,thailand,0,2,1,RW
game_536,usa,morocco,0,0,2,RL
game_537,panama,netherlands,0,1,2,RL
game_538,oman,mexico,0,3,4,RL
game_539,uae,uk,0,5,3,RW
game_54,germany,philippines,0,5,2,RW
game_540,indonesia,south_korea,0,7,1,RW
game_541,peru,guatemala,0,4,0,RW
game_542,switzerland,iceland,1,3,2,OW
game_543,mongolia,france,0,2,3,RL
game_544,canada,singapore,0,6,2,RW
game_545,vietnam,kazakhstan,0,2,1,RW
game_546,netherlands,thailand,0,7,3,RW
game_547,india,canada,0,1,2,RL
game_548,ethiopia,uae,1,1,2,OL
game_549,iceland,oman,0,2,0,RW
game_55,serbia,peru,0,2,4,RL
game_550,serbia,vietnam,0,5,1,RW
game_551,saudi_arabia,peru,0,1,2,RL
game_552,germany,mexico,1,3,2,OW
game_553,mongolia,philippines,0,1,4,RL
game_554,switzerland,kazakhstan,0,3,4,RL
game_555,morocco,uk,0,6,1,RW
game_556,new_zealand,china,0,2,1,RW
game_557,pakistan,brazil,0,5,2,RW
game_558,usa,france,0,2,3,RL
game_559,rwanda,panama,0,0,1,RL
game_56,brazil,guatemala,0,4,2,RW
game_560,china,serbia,0,2,0,RW
game_561,rwanda,canada,0,2,3,RL
game_562,guatemala,pakistan,0,5,4,RW
game_563,philippines,saudi_arabia,0,4,1,RW
game_564,morocco,usa,1,4,5,OL
game_565,iceland,india,0,4,0,RW
game_566,oman,singapore,0,3,2,RW
game_567,france,panama,0,4,3,RW
game_568,ethiopia,vietnam,0,4,2,RW
game_569,mexico,uk,0,3,0,RW
game_57,vietnam,mongolia,0,3,2,RW
game_570,netherlands,indonesia,0,3,2,RW
game_571,new_zealand,germany,0,2,3,RL
game_572,south_korea,thailand,1,4,5,OL
game_573,uae,peru,1,2,3,OL
game_574,mongolia,switzerland,1,2,3,OL
game_575,kazakhstan,brazil,0,1,2,RL
game_576,india,new_zealand,1,2,3,OL
game_577,switzerland,saudi_arabia,0,2,4,RL
game_578,usa,peru,1,3,4,OL
game_579,iceland,serbia,0,5,2,RW
game_58,usa,singapore,0,4,0,RW
game_580,germany,kazakhstan,0,3,0,RW
game_581,brazil,china,0,1,2,RL
game_582,rwanda,pakistan,0,4,1,RW
game_583,uk,morocco,0,3,2,RW
game_584,guatemala,mexico,1,4,5,OL
game_585,france,oman,0,4,5,RL
game_586,ethiopia,indonesia,1,4,3,OW
game_587,netherlands,panama,1,4,3,OW
game_588,south_korea,canada,0,2,1,RW
game_589,singapore,vietnam,0,3,2,RW
game_59,thailand,kazakhstan,0,5,4,RW
game_590,mongolia,thailand,0,5,2,RW
game_591,uae,philippines,1,3,2,OW
game_592,peru,thailand,0,2,6,RL
game_593,usa,ethiopia,0,4,2,RW
game_594,saudi_arabia,netherlands,0,2,0,RW
game_595,india,oman,0,6,2,RW
game_596,serbia,iceland,0,4,0,RW
game_597,pakistan,canada,1,2,3,OL
game_598,uae,china,1,5,4,OW
game_599,morocco,mexico,0,3,4,RL
game_6,indonesia,new_zealand,1,4,5,OL
game_60,canada,mexico,0,3,5,RL
game_600,mongolia,indonesia,0,0,2,RL
game_601,germany,rwanda,0,4,2,RW
game_602,panama,brazil,0,4,0,RW
game_603,vietnam,south_korea,0,2,4,RL
game_604,philippines,singapore,1,3,2,OW
game_605,guatemala,france,0,1,5,RL
game_606,new_zealand,uk,0,1,2,RL
game_607,thailand,canada,0,10,3,RW
game_608,france,philippines,1,5,6,OL
game_609,panama,saudi_arabia,0,1,2,RL
game_61,indonesia,uae,0,4,3,RW
game_610,china,india,0,0,3,RL
game_611,morocco,iceland,1,2,3,OL
game_612,serbia,ethiopia,1,5,4,OW
game_613,mexico,uae,0,4,0,RW
game_614,pakistan,netherlands,1,3,2,OW
game_615,rwanda,usa,1,8,7,OW
game_616,germany,brazil,1,3,4,OL
game_617,switzerland,oman,0,3,4,RL
game_618,uk,new_zealand,0,1,2,RL
game_619,indonesia,vietnam,0,0,3,RL
game_62,guatemala,saudi_arabia,0,2,1,RW
game_620,singapore,peru,0,0,3,RL
game_621,mongolia,kazakhstan,0,3,0,RW
game_622,guatemala,south_korea,0,2,4,RL
game_623,usa,saudi_arabia,0,0,5,RL
game_624,uae,thailand,1,4,3,OW
game_625,mongolia,panama,1,3,4,OL
game_626,france,new_zealand,0,4,3,RW
game_627,rwanda,canada,0,1,5,RL
game_628,serbia,germany,0,5,1,RW
game_629,singapore,morocco,0,3,1,RW
game_63,new_zealand,serbia,0,6,4,RW
game_630,guatemala,south_korea,0,5,2,RW
game_631,brazil,pakistan,0,3,5,RL
game_632,india,china,0,2,0,RW
game_633,uk,ethiopia,0,5,6,RL
game_634,kazakhstan,philippines,0,1,0,RW
game_635,iceland,peru,0,1,4,RL
game_636,switzerland,netherlands,0,3,4,RL
game_637,indonesia,oman,0,2,4,RL
game_638,thailand,mongolia,0,4,1,RW
game_639,saudi_arabia,south_korea,0,3,2,RW
game_64,thailand,ethiopia,0,2,4,RL
game_640,canada,rwanda,1,3,4,OL
game_641,switzerland,pakistan,1,4,3,OW
game_642,panama,serbia,0,9,3,RW
game_643,iceland,uae,0,4,0,RW
game_644,india,indonesia,0,2,6,RL
game_645,morocco,brazil,0,2,3,RL
game_646,singapore,germany,0,2,1,RW
game_647,ethiopia,kazakhstan,0,3,1,RW
game_648,oman,china,0,0,1,RL
game_649,new_zealand,vietnam,0,2,3,RL
game_65,india,rwanda,0,2,1,RW
game_650,guatemala,uk,0,3,2,RW
game_651,philippines,france,0,5,1,RW
game_652,mexico,peru,1,1,2,OL
game_653,rwanda,serbia,1,2,3,OL
game_654,panama,saudi_arabia,1,3,2,OW
game_655,ethiopia,thailand,0,3,4,RL
game_656,new_zealand,morocco,0,0,4,RL
game_657,china,indonesia,1,1,2,OL
game_658,germany,pakistan,0,3,6,RL
game_659,peru,switzerland,0,3,2,RW
game_66,indonesia,pakistan,0,0,1,RL
game_660,oman,guatemala,0,4,5,RL
game_661,mexico,philippines,0,5,3,RW
game_662,france,usa,1,3,4,OL
game_663,canada,mongolia,1,3,4,OL
game_664,netherlands,india,0,1,0,RW
game_665,iceland,kazakhstan,0,3,2,RW
game_666,vietnam,brazil,0,4,1,RW
game_667,uk,uae,0,4,3,RW
game_668,south_korea,singapore,0,7,3,RW
game_669,uae,usa,0,2,3,RL
game_67,china,brazil,0,3,2,RW
game_670,thailand,south_korea,1,5,6,OL
game_671,rwanda,vietnam,1,2,3,OL
game_672,ethiopia,new_zealand,0,2,0,RW
game_673,kazakhstan,indonesia,0,3,2,RW
game_674,iceland,mexico,0,5,4,RW
game_675,china,switzerland,0,4,1,RW
game_676,pakistan,oman,0,8,1,RW
game_677,philippines,canada,1,2,1,OW
game_678,serbia,india,1,1,2,OL
game_679,germany,saudi_arabia,0,2,1,RW
game_68,south_korea,morocco,0,3,4,RL
game_680,singapore,panama,0,2,8,RL
game_681,peru,netherlands,1,1,2,OL
game_682,france,morocco,1,6,5,OW
game_683,mongolia,uk,0,2,1,RW
game_684,canada,rwanda,0,2,1,RW
game_685,china,thailand,1,5,4,OW
game_686,vietnam,guatemala,0,1,6,RL
game_687,mexico,saudi_arabia,0,2,1,RW
game_688,usa,south_korea,0,4,0,RW
game_689,singapore,indonesia,0,2,3,RL
game_69,switzerland,uk,1,3,2,OW
game_690,ethiopia,germany,0,3,4,RL
game_691,peru,panama,0,0,3,RL
game_692,new_zealand,france,0,2,3,RL
game_693,uk,pakistan,0,6,1,RW
game_694,uae,kazakhstan,0,1,5,RL
game_695,netherlands,morocco,0,3,4,RL
game_696,iceland,india,0,4,5,RL
game_697,serbia,mongolia,0,1,2,RL
game_698,switzerland,oman,0,7,2,RW
game_699,kazakhstan,usa,0,3,4,RL
game_7,germany,rwanda,1,4,5,OL
game_70,mexico,oman,0,0,2,RL
game_700,philippines,thailand,0,3,4,RL
game_701,rwanda,vietnam,0,1,3,RL
game_702,mongolia,ethiopia,0,3,0,RW
game_703,netherlands,peru,0,1,2,RL
game_704,indonesia,mexico,1,2,3,OL
game_705,new_zealand,india,0,1,2,RL
game_706,pakistan,canada,0,1,7,RL
game_707,germany,switzerland,0,5,1,RW
game_708,singapore,china,0,5,4,RW
game_709,oman,france,0,2,3,RL
game_71,mongolia,usa,0,1,4,RL
game_710,iceland,uk,0,1,4,RL
game_711,guatemala,serbia,0,3,4,RL
game_712,brazil,saudi_arabia,0,2,1,RW
game_713,south_korea,panama,0,2,3,RL
game_714,rwanda,brazil,0,1,4,RL
game_715,pakistan,serbia,0,3,1,RW
game_716,india,germany,0,3,4,RL
game_717,panama,ethiopia,0,3,0,RW
game_718,morocco,saudi_arabia,0,5,1,RW
game_719,indonesia,oman,0,2,4,RL
game_72,philippines,germany,0,3,2,RW
game_720,peru,china,0,4,3,RW
game_721,netherlands,kazakhstan,0,4,0,RW
game_722,new_zealand,philippines,0,3,4,RL
game_723,usa,iceland,0,4,5,RL
game_724,thailand,uk,0,2,3,RL
game_725,switzerland,mexico,0,4,0,RW
game_726,guatemala,mongolia,1,3,2,OW
game_727,france,canada,1,6,5,OW
game_728,vietnam,south_korea,0,6,3,RW
game_729,singapore,uae,1,4,5,OL
game_73,iceland,panama,0,2,3,RL
game_730,pakistan,rwanda,0,7,0,RW
game_731,morocco,serbia,0,2,3,RL
game_732,saudi_arabia,india,1,2,1,OW
game_733,panama,switzerland,0,5,1,RW
game_734,usa,oman,1,4,5,OL
game_735,ethiopia,china,0,2,1,RW
game_736,germany,indonesia,0,0,5,RL
game_737,vietnam,philippines,1,2,3,OL
game_738,iceland,mongolia,0,4,2,RW
game_739,netherlands,uk,1,3,2,OW
game_74,netherlands,france,0,5,3,RW
game_740,new_zealand,uae,0,9,1,RW
game_741,thailand,guatemala,0,3,2,RW
game_742,kazakhstan,france,1,2,3,OL
game_743,south_korea,mexico,0,7,6,RW
game_744,singapore,canada,0,0,2,RL
game_745,peru,brazil,0,7,1,RW
game_746,guatemala,vietnam,0,4,6,RL
game_747,brazil,germany,0,3,2,RW
game_748,south_korea,china,0,5,0,RW
game_749,usa,indonesia,0,4,3,RW
game_75,uae,kazakhstan,0,2,1,RW
game_750,guatemala,germany,0,0,5,RL
game_751,ethiopia,thailand,0,5,4,RW
game_752,philippines,india,0,1,0,RW
game_753,morocco,rwanda,0,2,1,RW
game_754,vietnam,pakistan,1,4,5,OL
game_755,saudi_arabia,singapore,1,3,2,OW
game_756,netherlands,oman,0,5,0,RW
game_757,uk,iceland,1,4,3,OW
game_758,france,china,1,2,3,OL
game_759,serbia,panama,0,4,3,RW
game_76,vietnam,singapore,1,3,2,OW
game_760,peru,mongolia,0,4,3,RW
game_761,brazil,canada,1,4,3,OW
game_762,kazakhstan,new_zealand,0,4,0,RW
game_763,uae,mexico,0,5,3,RW
game_764,south_korea,switzerland,0,4,3,RW
game_765,peru,usa,0,5,1,RW
game_766,china,switzerland,0,9,4,RW
game_767,saudi_arabia,pakistan,0,2,7,RL
game_768,rwanda,mexico,0,0,3,RL
game_769,uk,guatemala,0,4,0,RW
game_77,peru,canada,0,2,1,RW
game_770,serbia,thailand,0,5,3,RW
game_771,india,philippines,1,3,4,OL
game_772,kazakhstan,oman,0,0,1,RL
game_773,morocco,indonesia,1,2,3,OL
game_774,singapore,ethiopia,0,4,7,RL
game_775,new_zealand,south_korea,0,6,5,RW
game_776,france,vietnam,0,3,2,RW
game_777,uae,mongolia,0,0,1,RL
game_778,germany,panama,0,7,3,RW
game_779,netherlands,canada,0,6,2,RW
game_78,rwanda,uae,0,3,2,RW
game_780,brazil,iceland,0,8,0,RW
game_781,thailand,rwanda,0,2,1,RW
game_782,oman,usa,0,5,3,RW
game_783,mongolia,philippines,1,1,2,OL
game_784,pakistan,singapore,0,2,0,RW
game_785,china,guatemala,0,3,0,RW
game_786,indonesia,panama,1,2,1,OW
game_787,iceland,peru,1,6,5,OW
game_788,germany,serbia,0,2,5,RL
game_789,mexico,switzerland,0,3,6,RL
game_79,oman,china,1,5,4,OW
game_790,canada,kazakhstan,0,4,1,RW
game_791,uk,france,0,2,1,RW
game_792,morocco,uae,0,0,4,RL
game_793,new_zealand,ethiopia,0,4,2,RW
game_794,saudi_arabia,vietnam,1,4,3,OW
game_795,south_korea,netherlands,0,2,7,RL
game_796,rwanda,guatemala,0,1,2,RL
game_797,mongolia,serbia,0,2,0,RW
game_798,saudi_arabia,philippines,0,3,2,RW
game_799,thailand,panama,0,3,0,RW
game_8,china,singapore,0,3,4,RL
game_80,philippines,saudi_arabia,1,1,2,OL
game_800,ethiopia,morocco,0,6,4,RW
game_801,china,indonesia,1,4,3,OW
game_802,india,new_zealand,0,4,3,RW
game_803,south_korea,pakistan,0,3,1,RW
game_804,switzerland,peru,0,1,3,RL
game_805,uk,oman,0,2,3,RL
game_806,france,germany,0,2,3,RL
game_807,usa,kazakhstan,0,5,1,RW
game_808,canada,brazil,0,0,4,RL
game_809,iceland,vietnam,0,1,2,RL
game_81,serbia,ethiopia,0,4,3,RW
game_810,mexico,singapore,0,3,4,RL
game_811,netherlands,uae,0,2,0,RW
game_812,thailand,singapore,0,2,7,RL
game_813,ethiopia,serbia,0,3,4,RL
game_814,saudi_arabia,philippines,0,1,2,RL
game_815,usa,france,0,3,4,RL
game_816,peru,india,1,1,2,OL
game_817,south_korea,germany,0,6,1,RW
game_818,kazakhstan,uae,1,3,2,OW
game_819,indonesia,iceland,0,1,2,RL
game_82,india,panama,0,5,1,RW
game_820,switzerland,rwanda,0,1,0,RW
game_821,canada,pakistan,0,4,1,RW
game_822,uk,china,0,3,2,RW
game_823,new_zealand,panama,0,0,2,RL
game_824,vietnam,guatemala,0,2,3,RL
game_825,morocco,netherlands,0,0,2,RL
game_826,mongolia,brazil,0,2,0,RW
game_827,south_korea,thailand,0,4,5,RL
game_828,uk,morocco,1,3,4,OL
game_829,china,rwanda,0,3,4,RL
game_83,pakistan,switzerland,0,2,1,RW
game_830,new_zealand,mongolia,0,3,0,RW
game_831,pakistan,usa,0,7,1,RW
game_832,vietnam,saudi_arabia,1,2,3,OL
game_833,oman,peru,0,1,5,RL
game_834,mexico,ethiopia,0,5,3,RW
game_835,indonesia,kazakhstan,0,3,1,RW
game_836,panama,iceland,0,2,1,RW
game_837,singapore,serbia,0,1,3,RL
game_838,france,switzerland,0,2,3,RL
game_839,guatemala,uae,0,0,1,RL
game_84,morocco,kazakhstan,0,1,4,RL
game_840,canada,india,0,0,3,RL
game_841,philippines,brazil,0,2,3,RL
game_842,netherlands,germany,0,3,1,RW
game_843,usa,china,0,2,1,RW
game_844,saudi_arabia,thailand,0,2,0,RW
game_845,kazakhstan,pakistan,0,2,3,RL
game_846,peru,singapore,0,2,1,RW
game_847,germany,panama,0,2,3,RL
game_848,indonesia,morocco,1,2,1,OW
game_849,india,guatemala,0,7,0,RW
game_85,usa,uk,1,2,1,OW
game_850,mongolia,rwanda,0,2,3,RL
game_851,new_zealand,mexico,0,3,1,RW
game_852,france,ethiopia,0,4,3,RW
game_853,oman,vietnam,0,6,2,RW
game_854,serbia,canada,0,2,0,RW
game_855,iceland,philippines,0,2,1,RW
game_856,switzerland,uae,0,4,2,RW
game_857,brazil,south_korea,0,4,2,RW
game_858,saudi_arabia,germany,0,2,5,RL
game_859,morocco,uae,0,2,3,RL
game_86,indonesia,iceland,0,3,1,RW
game_860,uk,serbia,0,8,3,RW
game_861,thailand,netherlands,0,3,2,RW
game_862,rwanda,new_zealand,1,3,2,OW
game_863,pakistan,philippines,0,3,0,RW
game_864,oman,france,0,2,1,RW
game_865,singapore,usa,0,2,3,RL
game_866,panama,indonesia,0,4,1,RW
game_867,mexico,south_korea,0,1,3,RL
game_868,guatemala,india,0,4,3,RW
game_869,iceland,china,0,1,2,RL
game_87,south_korea,germany,0,2,1,RW
game_870,switzerland,brazil,0,1,3,RL
game_871,kazakhstan,mongolia,0,0,4,RL
game_872,ethiopia,vietnam,1,4,3,OW
game_873,india,pakistan,1,4,3,OW
game_874,saudi_arabia,china,0,1,2,RL
game_875,peru,uk,0,2,0,RW
game_876,iceland,morocco,0,4,3,RW
game_877,serbia,canada,0,3,0,RW
game_878,kazakhstan,germany,1,3,4,OL
game_879,rwanda,oman,0,3,1,RW
game_88,mexico,mongolia,0,3,2,RW
game_880,south_korea,usa,1,2,3,OL
game_881,guatemala,new_zealand,1,5,6,OL
game_882,panama,mexico,0,2,3,RL
game_883,brazil,philippines,1,3,2,OW
game_884,vietnam,ethiopia,1,0,1,OL
game_885,uae,switzerland,1,1,2,OL
game_886,indonesia,netherlands,0,5,3,RW
game_887,france,singapore,0,2,3,RL
game_888,mongolia,thailand,0,1,4,RL
game_889,saudi_arabia,rwanda,0,2,3,RL
game_89,guatemala,thailand,0,3,6,RL
game_890,thailand,uae,0,8,2,RW
game_891,usa,panama,1,4,3,OW
game_892,oman,new_zealand,1,4,5,OL
game_893,germany,serbia,0,4,5,RL
game_894,morocco,peru,0,1,6,RL
game_895,singapore,pakistan,0,3,6,RL
game_896,indonesia,india,0,4,1,RW
game_897,kazakhstan,guatemala,0,1,5,RL
game_898,china,switzerland,0,4,0,RW
game_899,mexico,philippines,1,3,4,OL
game_9,ethiopia,netherlands,0,3,1,RW
game_90,canada,vietnam,0,4,0,RW
game_900,mongolia,iceland,0,2,3,RL
game_901,vietnam,france,0,4,3,RW
game_902,netherlands,uk,0,1,0,RW
game_903,brazil,canada,0,5,3,RW
game_904,south_korea,ethiopia,1,5,4,OW
game_905,uk,india,0,8,3,RW
game_906,panama,saudi_arabia,0,3,4,RL
game_907,china,morocco,0,6,1,RW
game_908,germany,canada,0,1,4,RL
game_909,serbia,indonesia,0,3,5,RL
game_91,singapore,brazil,0,2,5,RL
game_910,singapore,new_zealand,0,3,1,RW
game_911,kazakhstan,peru,0,2,6,RL
game_912,philippines,south_korea,0,4,0,RW
game_913,iceland,rwanda,1,6,7,OL
game_914,mongolia,thailand,1,4,5,OL
game_915,ethiopia,switzerland,1,5,4,OW
game_916,oman,netherlands,1,5,4,OW
game_917,guatemala,mexico,0,2,4,RL
game_918,pakistan,vietnam,0,2,1,RW
game_919,usa,brazil,0,5,2,RW
game_92,new_zealand,netherlands,0,3,5,RL
game_920,uae,france,1,3,4,OL
game_921,usa,china,0,2,9,RL
game_922,pakistan,ethiopia,0,1,2,RL
game_923,saudi_arabia,guatemala,1,0,1,OL
game_924,south_korea,peru,0,5,4,RW
game_925,rwanda,kazakhstan,0,8,3,RW
game_926,mongolia,india,0,1,0,RW
game_927,indonesia,uae,0,5,1,RW
game_928,morocco,switzerland,0,2,1,RW
game_929,thailand,mexico,0,4,3,RW
game_93,peru,france,0,4,0,RW
game_930,oman,uk,0,3,1,RW
game_931,panama,vietnam,0,6,1,RW
game_932,new_zealand,canada,0,4,3,RW
game_933,philippines,serbia,1,1,2,OL
game_934,germany,france,0,5,3,RW
game_935,netherlands,brazil,0,3,0,RW
game_936,iceland,singapore,0,3,5,RL
game_937,iceland,thailand,1,4,3,OW
game_938,morocco,canada,0,2,1,RW
game_939,rwanda,indonesia,0,3,0,RW
game_94,thailand,india,0,3,2,RW
game_940,france,mongolia,0,4,3,RW
game_941,peru,uae,0,2,3,RL
game_942,usa,new_zealand,1,4,3,OW
game_943,south_korea,saudi_arabia,1,5,4,OW
game_944,china,netherlands,0,2,4,RL
game_945,pakistan,germany,1,5,6,OL
game_946,oman,philippines,0,2,3,RL
game_947,india,singapore,0,4,1,RW
game_948,ethiopia,panama,0,5,2,RW
game_949,serbia,brazil,0,5,1,RW
game_95,oman,singapore,0,2,5,RL
game_950,vietnam,guatemala,1,2,1,OW
game_951,mexico,kazakhstan,0,6,5,RW
game_952,uk,switzerland,1,4,3,OW
game_953,thailand,peru,0,4,2,RW
game_954,saudi_arabia,usa,0,7,2,RW
game_955,morocco,mongolia,1,4,3,OW
game_956,guatemala,rwanda,1,2,3,OL
game_957,iceland,pakistan,0,4,0,RW
game_958,singapore,indonesia,0,3,2,RW
game_959,south_korea,germany,0,7,4,RW
game_96,usa,philippines,0,3,2,RW
game_960,china,kazakhstan,0,2,4,RL
game_961,philippines,ethiopia,1,3,4,OL
game_962,serbia,uae,0,3,4,RL
game_963,canada,mexico,0,5,4,RW
game_964,netherlands,switzerland,0,2,1,RW
game_965,vietnam,new_zealand,0,3,5,RL
game_966,oman,india,0,7,2,RW
game_967,france,brazil,0,2,4,RL
game_968,uk,panama,0,3,1,RW
game_969,new_zealand,rwanda,0,4,3,RW
game_97,guatemala,mongolia,0,4,0,RW
game_970,china,oman,0,3,5,RL
game_971,ethiopia,germany,0,2,1,RW
game_972,philippines,morocco,0,4,0,RW
game_973,france,serbia,0,5,2,RW
game_974,pakistan,panama,0,1,2,RL
game_975,netherlands,saudi_arabia,0,0,2,RL
game_976,guatemala,indonesia,0,1,2,RL
game_977,india,brazil,0,2,0,RW
game_978,usa,iceland,0,2,3,RL
game_979,uk,south_korea,0,6,2,RW
game_98,pakistan,germany,1,4,3,OW
game_980,vietnam,canada,0,7,3,RW
game_981,mongolia,mexico,0,4,3,RW
game_982,switzerland,peru,0,1,5,RL
game_983,singapore,uae,0,3,2,RW
game_984,kazakhstan,thailand,0,2,3,RL
game_985,india,iceland,0,3,4,RL
game_986,morocco,panama,1,3,2,OW
game_987,saudi_arabia,serbia,0,6,3,RW
game_988,mongolia,peru,1,5,6,OL
game_989,germany,ethiopia,0,0,3,RL
game_99,peru,indonesia,0,5,1,RW
game_990,usa,rwanda,0,3,0,RW
game_991,new_zealand,china,0,2,3,RL
game_992,philippines,pakistan,0,1,0,RW
game_993,uk,singapore,1,5,6,OL
game_994,france,guatemala,0,2,4,RL
game_995,vietnam,mexico,1,4,3,OW
game_996,kazakhstan,indonesia,0,0,5,RL
game_997,canada,south_korea,0,3,5,RL
game_998,switzerland,uae,0,4,2,RW
game_999,oman,thailand,0,2,3,RL
